﻿<?xml version="1.0" encoding="utf-8" ?>
<codetemplate	xmlns="http://schemas.borland.com/Delphi/2005/codetemplates"
				version="1.0.0">
	<template name="enumcp" invoke="auto">
		<description>
		Enumerates child components
		</description>
		<author>
		Zuo Baoquan (Paul)
		</author>
		<point name="owner">
			<text>
				owner
			</text>
		</point>
		<code language="Delphi" context="methodbody" delimiter="|"><![CDATA[
EnumerateComponents(|owner|,
|*|function(component: TComponent): Boolean
|*|begin
|*||*||end|
|*|end
);
		]]>
		</code>
	</template>
</codetemplate>
