﻿<?xml version="1.0" encoding="utf-8" ?>

<codetemplate	xmlns="http://schemas.borland.com/Delphi/2005/codetemplates"
				version="1.0.0">
	<template name="iprop" invoke="auto">
		<point name="propertyName">
			<text>
				PropertyName
			</text>
			<hint>
				property name
			</hint>
		</point>
		<point name="propertyType">
			<hint>
				property type
			</hint>
			<text>
				string
			</text>
		</point>
		<description>
			interface property (with getter and setter)
		</description>
		<author>
			Zuo Baoquan (Paul)
		</author>
		<code language="Delphi" context="typedecl" delimiter="|"><![CDATA[
function Get|propertyName|: |propertyType|;
procedure Set|propertyName|(const value: |propertyType|);
property |propertyName|: |propertyType| read Get|propertyName| write Set|propertyName|; |end|
]]>
		</code>
	</template>
</codetemplate>
